strategy,hit_at_k,MRR
bm25,0.6463414634146342,0.5487804878048781
dense,0.5609756097560976,0.3333333333333333
hybrid,0.7682926829268293,0.6727642276422764
