strategy,hit_at_k,MRR
bm25,0.25609756097560976,0.2073170731707317
dense,0.2926829268292683,0.17479674796747965
hybrid,0.34146341463414637,0.29878048780487804
